Order Date,Aggregate,Furniture,Office Supplies,Technology,Total,Instance count,Furniture (mean),Office Supplies (mean),Technology (mean)
time,discrete,continuous,continuous,continuous,continuous,continuous,continuous,continuous,continuous
,,,,,,,,,
2014-01-03,Sum,0.0,7981.0,0.0,7981.0,,,,
2014-01-04,Sum,0.0,2223.0,0.0,2223.0,,,,
2014-01-05,Sum,0.0,1760.0,0.0,1760.0,,,,
2014-01-06,Sum,7475.0,42423.0,14957.0,64855.0,,,,
2014-01-07,Sum,7661.0,7662.0,0.0,15323.0,,,,
2014-01-09,Sum,0.0,593.0,594.0,1187.0,,,,
2014-01-10,Sum,867.0,866.0,0.0,1733.0,,,,
2014-01-11,Sum,717.0,0.0,0.0,717.0,,,,
2014-01-13,Sum,7918.0,12942.0,766.0,21626.0,,,,
2014-01-14,Sum,6475.0,0.0,0.0,6475.0,,,,
2014-01-15,Sum,0.0,0.0,1914.0,1914.0,,,,
2014-01-16,Sum,971.0,1947.0,972.0,3890.0,,,,
2014-01-18,Sum,0.0,5365.0,0.0,5365.0,,,,
2014-01-19,Sum,5466.0,16392.0,0.0,21858.0,,,,
2014-01-20,Sum,20650.0,54215.0,1122.0,75987.0,,,,
2014-01-26,Sum,5163.0,7743.0,5168.0,18074.0,,,,
2014-01-27,Sum,3796.0,7592.0,0.0,11388.0,,,,
2014-01-28,Sum,0.0,3084.0,0.0,3084.0,,,,
2014-01-30,Sum,0.0,12777.0,0.0,12777.0,,,,
2014-01-31,Sum,3366.0,0.0,0.0,3366.0,,,,
2014-02-01,Sum,0.0,0.0,541.0,541.0,17.0,981.9411764705883,3859.5882352941176,914.2352941176471
2014-02-02,Sum,0.0,1704.0,0.0,1704.0,,,,
2014-02-03,Sum,0.0,3037.0,0.0,3037.0,,,,
2014-02-04,Sum,0.0,3089.0,0.0,3089.0,,,,
2014-02-06,Sum,0.0,1998.0,3999.0,5997.0,,,,
2014-02-07,Sum,0.0,0.0,850.0,850.0,,,,
2014-02-11,Sum,5632.0,5633.0,5631.0,16896.0,,,,
2014-02-12,Sum,457.0,0.0,0.0,457.0,,,,
2014-02-14,Sum,0.0,5467.0,0.0,5467.0,,,,
2014-02-15,Sum,0.0,7438.0,0.0,7438.0,,,,
2014-02-16,Sum,0.0,2667.0,0.0,2667.0,,,,
2014-02-18,Sum,6082.0,0.0,0.0,6082.0,,,,
2014-02-20,Sum,4522.0,0.0,4521.0,9043.0,,,,
2014-02-21,Sum,0.0,2883.0,0.0,2883.0,,,,
2014-02-22,Sum,0.0,7611.0,0.0,7611.0,,,,
2014-02-23,Sum,0.0,13061.0,0.0,13061.0,,,,
2014-02-24,Sum,0.0,11025.0,0.0,11025.0,,,,
2014-03-01,Sum,22605.0,22448.0,5714.0,50767.0,23.0,5222.565217391304,14947.04347826087,3572.1739130434785
2014-03-02,Sum,0.0,12117.0,0.0,12117.0,,,,
2014-03-03,Sum,7248.0,24730.0,1163.0,33141.0,,,,
2014-03-04,Sum,0.0,5987.0,0.0,5987.0,,,,
2014-03-07,Sum,4962.0,15181.0,0.0,20143.0,,,,
2014-03-10,Sum,0.0,5375.0,0.0,5375.0,,,,
2014-03-11,Sum,1542.0,19018.0,14033.0,34593.0,,,,
2014-03-14,Sum,2841.0,22499.0,4679.0,30019.0,,,,
2014-03-15,Sum,604.0,2421.0,0.0,3025.0,,,,
2014-03-16,Sum,0.0,0.0,3453.0,3453.0,,,,
2014-03-17,Sum,7077.0,63919.0,0.0,70996.0,,,,
2014-03-18,Sum,18884.0,15431.0,12724.0,47039.0,,,,
2014-03-19,Sum,12331.0,18489.0,12328.0,43148.0,,,,
2014-03-21,Sum,0.0,36200.0,7584.0,43784.0,,,,
2014-03-22,Sum,2872.0,10749.0,0.0,13621.0,,,,
2014-03-23,Sum,0.0,10146.0,3556.0,13702.0,,,,
2014-03-24,Sum,7802.0,4480.0,0.0,12282.0,,,,
2014-03-25,Sum,2433.0,0.0,0.0,2433.0,,,,
2014-03-26,Sum,0.0,0.0,4245.0,4245.0,,,,
2014-03-28,Sum,7841.0,7840.0,0.0,15681.0,,,,
2014-03-29,Sum,7306.0,0.0,0.0,7306.0,,,,
2014-03-30,Sum,13771.0,27050.0,7631.0,48452.0,,,,
2014-03-31,Sum,0.0,19702.0,5050.0,24752.0,,,,
2014-04-01,Sum,0.0,18656.0,0.0,18656.0,23.0,5071.173913043478,11470.04347826087,3225.1304347826085
2014-04-02,Sum,0.0,11368.0,5684.0,17052.0,,,,
2014-04-04,Sum,3955.0,25730.0,5122.0,34807.0,,,,
2014-04-05,Sum,0.0,21587.0,3278.0,24865.0,,,,
2014-04-06,Sum,18475.0,14311.0,6444.0,39230.0,,,,
2014-04-07,Sum,3482.0,10431.0,10431.0,24344.0,,,,
2014-04-08,Sum,20384.0,14054.0,7048.0,41486.0,,,,
2014-04-11,Sum,0.0,12128.0,12414.0,24542.0,,,,
2014-04-12,Sum,2797.0,2796.0,5589.0,11182.0,,,,
2014-04-13,Sum,0.0,7734.0,344.0,8078.0,,,,
2014-04-15,Sum,7658.0,7657.0,0.0,15315.0,,,,
2014-04-16,Sum,0.0,404.0,0.0,404.0,,,,
2014-04-18,Sum,6570.0,23745.0,10105.0,40420.0,,,,
2014-04-19,Sum,4570.0,15687.0,0.0,20257.0,,,,
2014-04-20,Sum,17004.0,5077.0,0.0,22081.0,,,,
2014-04-21,Sum,0.0,1173.0,0.0,1173.0,,,,
2014-04-22,Sum,0.0,14329.0,0.0,14329.0,,,,
2014-04-23,Sum,10222.0,4857.0,0.0,15079.0,,,,
2014-04-25,Sum,8754.0,7876.0,2714.0,19344.0,,,,
2014-04-26,Sum,2615.0,17011.0,0.0,19626.0,,,,
2014-04-28,Sum,0.0,17932.0,0.0,17932.0,,,,
2014-04-29,Sum,10151.0,9268.0,0.0,19419.0,,,,
2014-04-30,Sum,0.0,0.0,5005.0,5005.0,,,,
2014-05-02,Sum,0.0,5825.0,7037.0,12862.0,,,,
2014-05-03,Sum,0.0,9278.0,0.0,9278.0,,,,
2014-05-04,Sum,9459.0,23759.0,0.0,33218.0,,,,
2014-05-05,Sum,4560.0,17295.0,0.0,21855.0,,,,
2014-05-06,Sum,0.0,10156.0,0.0,10156.0,,,,
2014-05-07,Sum,13130.0,13128.0,0.0,26258.0,,,,
2014-05-09,Sum,0.0,14158.0,1651.0,15809.0,,,,
2014-05-10,Sum,7555.0,12753.0,5198.0,25506.0,,,,
2014-05-11,Sum,546.0,4125.0,2848.0,7519.0,,,,
2014-05-12,Sum,4405.0,0.0,0.0,4405.0,,,,
2014-05-13,Sum,5355.0,9149.0,3217.0,17721.0,,,,
2014-05-14,Sum,769.0,0.0,0.0,769.0,,,,
2014-05-16,Sum,7825.0,0.0,0.0,7825.0,,,,
2014-05-17,Sum,0.0,3006.0,0.0,3006.0,,,,
2014-05-18,Sum,3201.0,3202.0,1830.0,8233.0,,,,
2014-05-19,Sum,0.0,4143.0,0.0,4143.0,,,,
2014-05-20,Sum,2132.0,4261.0,0.0,6393.0,,,,
2014-05-21,Sum,0.0,21708.0,996.0,22704.0,,,,
2014-05-22,Sum,0.0,0.0,6537.0,6537.0,,,,
2014-05-23,Sum,0.0,28881.0,610.0,29491.0,,,,
2014-05-24,Sum,0.0,2704.0,0.0,2704.0,,,,
2014-05-25,Sum,1820.0,1819.0,0.0,3639.0,,,,
2014-05-26,Sum,11104.0,16243.0,3225.0,30572.0,,,,
2014-05-27,Sum,747.0,2074.0,2099.0,4920.0,,,,
2014-05-28,Sum,0.0,0.0,11353.0,11353.0,,,,
2014-05-30,Sum,5751.0,35960.0,7858.0,49569.0,,,,
2014-05-31,Sum,0.0,0.0,15957.0,15957.0,,,,
2014-06-01,Sum,2446.0,1605.0,2202.0,6253.0,22.0,2768.6363636363635,9357.318181818182,2343.7272727272725
2014-06-02,Sum,720.0,8497.0,3889.0,13106.0,,,,
2014-06-03,Sum,1700.0,6323.0,0.0,8023.0,,,,
2014-06-04,Sum,0.0,1875.0,0.0,1875.0,,,,
2014-06-06,Sum,2142.0,38300.0,0.0,40442.0,,,,
2014-06-07,Sum,4722.0,394.0,0.0,5116.0,,,,
2014-06-08,Sum,6592.0,0.0,0.0,6592.0,,,,
2014-06-09,Sum,6786.0,12151.0,999.0,19936.0,,,,
2014-06-13,Sum,0.0,1856.0,0.0,1856.0,,,,
2014-06-14,Sum,5221.0,0.0,0.0,5221.0,,,,
2014-06-15,Sum,1833.0,7856.0,0.0,9689.0,,,,
2014-06-16,Sum,2496.0,8739.0,0.0,11235.0,,,,
2014-06-17,Sum,6816.0,13635.0,6324.0,26775.0,,,,
2014-06-20,Sum,3508.0,14038.0,7017.0,24563.0,,,,
2014-06-21,Sum,3688.0,26893.0,17434.0,48015.0,,,,
2014-06-22,Sum,8044.0,4315.0,4444.0,16803.0,,,,
2014-06-23,Sum,0.0,8129.0,2127.0,10256.0,,,,
2014-06-25,Sum,1098.0,9697.0,4847.0,15642.0,,,,
2014-06-27,Sum,2278.0,2277.0,2279.0,6834.0,,,,
2014-06-28,Sum,820.0,6204.0,0.0,7024.0,,,,
2014-06-29,Sum,0.0,6513.0,0.0,6513.0,,,,
2014-06-30,Sum,0.0,26564.0,0.0,26564.0,,,,
2014-07-01,Sum,0.0,2036.0,1319.0,3355.0,24.0,5243.541666666667,9592.541666666666,2960.4583333333335
2014-07-02,Sum,0.0,2734.0,2733.0,5467.0,,,,
2014-07-04,Sum,0.0,27792.0,0.0,27792.0,,,,
2014-07-05,Sum,10876.0,17202.0,686.0,28764.0,,,,
2014-07-06,Sum,6846.0,0.0,1550.0,8396.0,,,,
2014-07-07,Sum,8797.0,0.0,0.0,8797.0,,,,
2014-07-08,Sum,11068.0,6289.0,0.0,17357.0,,,,
2014-07-09,Sum,0.0,6735.0,0.0,6735.0,,,,
2014-07-11,Sum,2063.0,20535.0,6831.0,29429.0,,,,
2014-07-12,Sum,3321.0,11941.0,8622.0,23884.0,,,,
2014-07-13,Sum,4552.0,0.0,0.0,4552.0,,,,
2014-07-14,Sum,6934.0,19762.0,16073.0,42769.0,,,,
2014-07-15,Sum,0.0,3271.0,3270.0,6541.0,,,,
2014-07-18,Sum,2103.0,0.0,0.0,2103.0,,,,
2014-07-19,Sum,3355.0,12302.0,3354.0,19011.0,,,,
2014-07-20,Sum,12127.0,44236.0,0.0,56363.0,,,,
2014-07-21,Sum,3745.0,1871.0,0.0,5616.0,,,,
2014-07-22,Sum,14338.0,14819.0,484.0,29641.0,,,,
2014-07-23,Sum,0.0,748.0,8161.0,8909.0,,,,
2014-07-25,Sum,2507.0,12306.0,0.0,14813.0,,,,
2014-07-26,Sum,22363.0,9686.0,14102.0,46151.0,,,,
2014-07-27,Sum,0.0,4580.0,3866.0,8446.0,,,,
2014-07-28,Sum,5688.0,11376.0,0.0,17064.0,,,,
2014-07-30,Sum,5162.0,0.0,0.0,5162.0,,,,
2014-08-01,Sum,1839.0,10103.0,0.0,11942.0,23.0,2840.913043478261,10953.04347826087,3483.304347826087
2014-08-02,Sum,0.0,12348.0,6174.0,18522.0,,,,
2014-08-03,Sum,202.0,5930.0,0.0,6132.0,,,,
2014-08-04,Sum,0.0,6892.0,1379.0,8271.0,,,,
2014-08-05,Sum,6041.0,29253.0,11815.0,47109.0,,,,
2014-08-06,Sum,0.0,0.0,3773.0,3773.0,,,,
2014-08-08,Sum,7136.0,13487.0,12802.0,33425.0,,,,
2014-08-09,Sum,0.0,27623.0,7100.0,34723.0,,,,
2014-08-11,Sum,1239.0,5711.0,0.0,6950.0,,,,
2014-08-12,Sum,0.0,6769.0,0.0,6769.0,,,,
2014-08-15,Sum,0.0,10088.0,0.0,10088.0,,,,
2014-08-16,Sum,1690.0,0.0,0.0,1690.0,,,,
2014-08-17,Sum,0.0,9641.0,2534.0,12175.0,,,,
2014-08-19,Sum,11092.0,14099.0,0.0,25191.0,,,,
2014-08-20,Sum,5800.0,0.0,0.0,5800.0,,,,
2014-08-22,Sum,0.0,4303.0,0.0,4303.0,,,,
2014-08-23,Sum,7022.0,39439.0,7023.0,53484.0,,,,
2014-08-24,Sum,3133.0,12075.0,0.0,15208.0,,,,
2014-08-25,Sum,5944.0,12355.0,12524.0,30823.0,,,,
2014-08-26,Sum,5334.0,18494.0,8011.0,31839.0,,,,
2014-08-27,Sum,6969.0,6210.0,3503.0,16682.0,,,,
2014-08-29,Sum,1900.0,7100.0,0.0,9000.0,,,,
2014-08-31,Sum,0.0,0.0,3478.0,3478.0,,,,
2014-09-01,Sum,0.0,7551.0,0.0,7551.0,28.0,6495.928571428572,16707.928571428572,4068.4285714285716
2014-09-02,Sum,2926.0,17190.0,12318.0,32434.0,,,,
2014-09-03,Sum,0.0,4986.0,0.0,4986.0,,,,
2014-09-05,Sum,5430.0,2516.0,0.0,7946.0,,,,
2014-09-06,Sum,6623.0,6624.0,0.0,13247.0,,,,
2014-09-07,Sum,24199.0,29463.0,19255.0,72917.0,,,,
2014-09-08,Sum,10310.0,45446.0,7770.0,63526.0,,,,
2014-09-09,Sum,6271.0,12513.0,14845.0,33629.0,,,,
2014-09-10,Sum,15509.0,21361.0,0.0,36870.0,,,,
2014-09-11,Sum,6312.0,0.0,0.0,6312.0,,,,
2014-09-12,Sum,5452.0,18757.0,6585.0,30794.0,,,,
2014-09-13,Sum,5278.0,14245.0,927.0,20450.0,,,,
2014-09-14,Sum,9311.0,20907.0,15386.0,45604.0,,,,
2014-09-15,Sum,13961.0,7469.0,0.0,21430.0,,,,
2014-09-16,Sum,0.0,6295.0,0.0,6295.0,,,,
2014-09-17,Sum,3927.0,51104.0,18486.0,73517.0,,,,
2014-09-19,Sum,4251.0,11829.0,4656.0,20736.0,,,,
2014-09-20,Sum,10601.0,12290.0,5239.0,28130.0,,,,
2014-09-21,Sum,5305.0,39771.0,3951.0,49027.0,,,,
2014-09-22,Sum,0.0,6689.0,0.0,6689.0,,,,
2014-09-23,Sum,3352.0,40071.0,3353.0,46776.0,,,,
2014-09-24,Sum,0.0,366.0,0.0,366.0,,,,
2014-09-25,Sum,2826.0,15530.0,0.0,18356.0,,,,
2014-09-26,Sum,6829.0,13026.0,0.0,19855.0,,,,
2014-09-27,Sum,3627.0,3314.0,0.0,6941.0,,,,
2014-09-28,Sum,0.0,4788.0,0.0,4788.0,,,,
2014-09-29,Sum,26302.0,37043.0,1145.0,64490.0,,,,
2014-09-30,Sum,3284.0,16678.0,0.0,19962.0,,,,
2014-10-02,Sum,0.0,12900.0,9682.0,22582.0,,,,
2014-10-03,Sum,5902.0,20956.0,5602.0,32460.0,,,,
2014-10-04,Sum,6440.0,10397.0,0.0,16837.0,,,,
2014-10-05,Sum,0.0,6020.0,6805.0,12825.0,,,,
2014-10-06,Sum,0.0,11774.0,482.0,12256.0,,,,
2014-10-07,Sum,724.0,3827.0,0.0,4551.0,,,,
2014-10-08,Sum,0.0,0.0,7677.0,7677.0,,,,
2014-10-09,Sum,0.0,7153.0,0.0,7153.0,,,,
2014-10-10,Sum,11212.0,19631.0,15093.0,45936.0,,,,
2014-10-11,Sum,14099.0,22844.0,4002.0,40945.0,,,,
2014-10-12,Sum,0.0,165.0,0.0,165.0,,,,
2014-10-13,Sum,6403.0,13537.0,813.0,20753.0,,,,
2014-10-14,Sum,0.0,15569.0,5757.0,21326.0,,,,
2014-10-15,Sum,7593.0,4899.0,0.0,12492.0,,,,
2014-10-16,Sum,0.0,5886.0,5887.0,11773.0,,,,
2014-10-17,Sum,0.0,6874.0,6875.0,13749.0,,,,
2014-10-18,Sum,7212.0,31544.0,1977.0,40733.0,,,,
2014-10-19,Sum,0.0,1594.0,0.0,1594.0,,,,
2014-10-20,Sum,6537.0,32811.0,6554.0,45902.0,,,,
2014-10-21,Sum,9463.0,23334.0,0.0,32797.0,,,,
2014-10-22,Sum,7812.0,0.0,0.0,7812.0,,,,
2014-10-24,Sum,0.0,9283.0,0.0,9283.0,,,,
2014-10-25,Sum,0.0,13839.0,7709.0,21548.0,,,,
2014-10-26,Sum,4305.0,0.0,4306.0,8611.0,,,,
2014-10-28,Sum,3846.0,15379.0,7371.0,26596.0,,,,
2014-10-29,Sum,0.0,0.0,488.0,488.0,,,,
2014-10-31,Sum,25539.0,27059.0,6839.0,59437.0,,,,
2014-11-01,Sum,7561.0,56567.0,7709.0,71837.0,28.0,7615.464285714285,24993.64285714286,7018.821428571428
2014-11-02,Sum,4525.0,18536.0,49172.0,72233.0,,,,
2014-11-03,Sum,12864.0,44613.0,4759.0,62236.0,,,,
2014-11-04,Sum,7371.0,25038.0,9582.0,41991.0,,,,
2014-11-05,Sum,6684.0,0.0,0.0,6684.0,,,,
2014-11-07,Sum,4781.0,53960.0,0.0,58741.0,,,,
2014-11-08,Sum,0.0,0.0,5766.0,5766.0,,,,
2014-11-09,Sum,473.0,1900.0,474.0,2847.0,,,,
2014-11-10,Sum,11580.0,32251.0,6407.0,50238.0,,,,
2014-11-11,Sum,18675.0,35340.0,13606.0,67621.0,,,,
2014-11-12,Sum,7969.0,24899.0,5553.0,38421.0,,,,
2014-11-14,Sum,4282.0,14356.0,2210.0,20848.0,,,,
2014-11-15,Sum,5018.0,13567.0,5019.0,23604.0,,,,
2014-11-16,Sum,5304.0,22769.0,3781.0,31854.0,,,,
2014-11-17,Sum,15304.0,28831.0,3262.0,47397.0,,,,
2014-11-18,Sum,27641.0,41384.0,8211.0,77236.0,,,,
2014-11-19,Sum,5395.0,24047.0,3045.0,32487.0,,,,
2014-11-20,Sum,0.0,22658.0,7552.0,30210.0,,,,
2014-11-21,Sum,0.0,27785.0,16484.0,44269.0,,,,
2014-11-22,Sum,0.0,28372.0,0.0,28372.0,,,,
2014-11-23,Sum,14119.0,19275.0,5283.0,38677.0,,,,
2014-11-24,Sum,19372.0,34459.0,11003.0,64834.0,,,,
2014-11-25,Sum,23548.0,30514.0,10229.0,64291.0,,,,
2014-11-26,Sum,79.0,31776.0,7454.0,39309.0,,,,
2014-11-27,Sum,0.0,1486.0,0.0,1486.0,,,,
2014-11-28,Sum,10688.0,38271.0,5550.0,54509.0,,,,
2014-11-29,Sum,0.0,15336.0,4416.0,19752.0,,,,
2014-11-30,Sum,0.0,11832.0,0.0,11832.0,,,,
2014-12-01,Sum,17761.0,6287.0,7691.0,31739.0,28.0,9223.42857142857,19184.64285714286,5313.892857142857
2014-12-02,Sum,19489.0,22955.0,5584.0,48028.0,,,,
2014-12-03,Sum,0.0,2623.0,1983.0,4606.0,,,,
2014-12-04,Sum,0.0,0.0,2716.0,2716.0,,,,
2014-12-05,Sum,0.0,59071.0,11402.0,70473.0,,,,
2014-12-06,Sum,15897.0,33102.0,5096.0,54095.0,,,,
2014-12-07,Sum,0.0,12516.0,0.0,12516.0,,,,
2014-12-08,Sum,3716.0,27521.0,7336.0,38573.0,,,,
2014-12-09,Sum,0.0,36046.0,0.0,36046.0,,,,
2014-12-10,Sum,5999.0,13748.0,0.0,19747.0,,,,
2014-12-12,Sum,15600.0,13483.0,0.0,29083.0,,,,
2014-12-13,Sum,10228.0,12087.0,0.0,22315.0,,,,
2014-12-14,Sum,10810.0,9650.0,14307.0,34767.0,,,,
2014-12-15,Sum,21651.0,0.0,1575.0,23226.0,,,,
2014-12-16,Sum,21660.0,15975.0,6263.0,43898.0,,,,
2014-12-17,Sum,0.0,5915.0,0.0,5915.0,,,,
2014-12-19,Sum,1434.0,3300.0,436.0,5170.0,,,,
2014-12-20,Sum,26775.0,50743.0,14658.0,92176.0,,,,
2014-12-21,Sum,11279.0,6243.0,0.0,17522.0,,,,
2014-12-22,Sum,0.0,33423.0,0.0,33423.0,,,,
2014-12-23,Sum,3980.0,14199.0,0.0,18179.0,,,,
2014-12-24,Sum,6446.0,10683.0,13517.0,30646.0,,,,
2014-12-26,Sum,4304.0,31124.0,0.0,35428.0,,,,
2014-12-27,Sum,13652.0,39809.0,0.0,53461.0,,,,
2014-12-28,Sum,0.0,19208.0,0.0,19208.0,,,,
2014-12-29,Sum,20964.0,24894.0,20854.0,66712.0,,,,
2014-12-30,Sum,7360.0,10643.0,23341.0,41344.0,,,,
2014-12-31,Sum,19251.0,21922.0,12030.0,53203.0,,,,
2015-01-02,Sum,214.0,7677.0,648.0,8539.0,,,,
2015-01-03,Sum,5056.0,8956.0,5054.0,19066.0,,,,
2015-01-04,Sum,5647.0,10699.0,0.0,16346.0,,,,
2015-01-05,Sum,4228.0,23163.0,0.0,27391.0,,,,
2015-01-06,Sum,0.0,15435.0,0.0,15435.0,,,,
2015-01-09,Sum,0.0,28370.0,0.0,28370.0,,,,
2015-01-10,Sum,1670.0,0.0,0.0,1670.0,,,,
2015-01-12,Sum,0.0,5211.0,0.0,5211.0,,,,
2015-01-13,Sum,9717.0,4857.0,0.0,14574.0,,,,
2015-01-17,Sum,468.0,11394.0,0.0,11862.0,,,,
2015-01-19,Sum,13251.0,0.0,0.0,13251.0,,,,
2015-01-23,Sum,0.0,4075.0,0.0,4075.0,,,,
2015-01-24,Sum,0.0,7834.0,0.0,7834.0,,,,
2015-01-27,Sum,2537.0,0.0,5077.0,7614.0,,,,
2015-01-30,Sum,2709.0,1713.0,2710.0,7132.0,,,,
2015-01-31,Sum,94.0,188.0,0.0,282.0,,,,
2015-02-03,Sum,10543.0,14826.0,809.0,26178.0,,,,
2015-02-06,Sum,9883.0,6498.0,0.0,16381.0,,,,
2015-02-07,Sum,0.0,12781.0,0.0,12781.0,,,,
2015-02-08,Sum,0.0,22839.0,763.0,23602.0,,,,
2015-02-09,Sum,5117.0,1843.0,7307.0,14267.0,,,,
2015-02-10,Sum,0.0,7298.0,0.0,7298.0,,,,
2015-02-14,Sum,0.0,20656.0,16335.0,36991.0,,,,
2015-02-15,Sum,0.0,11250.0,5367.0,16617.0,,,,
2015-02-16,Sum,0.0,6744.0,0.0,6744.0,,,,
2015-02-18,Sum,4740.0,8956.0,0.0,13696.0,,,,
2015-02-20,Sum,0.0,3463.0,2642.0,6105.0,,,,
2015-02-21,Sum,0.0,10016.0,0.0,10016.0,,,,
2015-02-22,Sum,0.0,3972.0,0.0,3972.0,,,,
2015-02-25,Sum,0.0,11539.0,0.0,11539.0,,,,
2015-02-27,Sum,4541.0,7585.0,12003.0,24129.0,,,,
2015-02-28,Sum,459.0,0.0,0.0,459.0,,,,
2015-03-01,Sum,0.0,3454.0,0.0,3454.0,26.0,3480.653846153846,10411.846153846154,3714.576923076923
2015-03-02,Sum,118.0,2257.0,0.0,2375.0,,,,
2015-03-05,Sum,12393.0,17584.0,17788.0,47765.0,,,,
2015-03-06,Sum,2273.0,0.0,2274.0,4547.0,,,,
2015-03-07,Sum,0.0,12689.0,12689.0,25378.0,,,,
2015-03-08,Sum,11990.0,21121.0,3997.0,37108.0,,,,
2015-03-09,Sum,0.0,7370.0,9535.0,16905.0,,,,
2015-03-10,Sum,0.0,7598.0,0.0,7598.0,,,,
2015-03-12,Sum,7319.0,11536.0,0.0,18855.0,,,,
2015-03-13,Sum,14607.0,0.0,0.0,14607.0,,,,
2015-03-14,Sum,0.0,8327.0,0.0,8327.0,,,,
2015-03-15,Sum,0.0,0.0,4936.0,4936.0,,,,
2015-03-16,Sum,6354.0,23609.0,4954.0,34917.0,,,,
2015-03-17,Sum,0.0,2565.0,2564.0,5129.0,,,,
2015-03-19,Sum,0.0,25063.0,3211.0,28274.0,,,,
2015-03-20,Sum,0.0,10733.0,0.0,10733.0,,,,
2015-03-21,Sum,0.0,19464.0,0.0,19464.0,,,,
2015-03-22,Sum,5812.0,14508.0,12136.0,32456.0,,,,
2015-03-23,Sum,1061.0,17080.0,0.0,18141.0,,,,
2015-03-24,Sum,9034.0,2558.0,0.0,11592.0,,,,
2015-03-26,Sum,0.0,6635.0,5105.0,11740.0,,,,
2015-03-27,Sum,0.0,5839.0,0.0,5839.0,,,,
2015-03-28,Sum,0.0,11352.0,693.0,12045.0,,,,
2015-03-29,Sum,5725.0,26124.0,4733.0,36582.0,,,,
2015-03-30,Sum,7002.0,6434.0,6435.0,19871.0,,,,
2015-03-31,Sum,6809.0,6808.0,5529.0,19146.0,,,,
2015-04-02,Sum,0.0,6815.0,19033.0,25848.0,,,,
2015-04-04,Sum,1055.0,6611.0,2301.0,9967.0,,,,
2015-04-05,Sum,19374.0,17900.0,7817.0,45091.0,,,,
2015-04-06,Sum,0.0,13579.0,2526.0,16105.0,,,,
2015-04-07,Sum,0.0,10697.0,4822.0,15519.0,,,,
2015-04-09,Sum,704.0,0.0,0.0,704.0,,,,
2015-04-10,Sum,0.0,15644.0,0.0,15644.0,,,,
2015-04-11,Sum,14669.0,8386.0,9306.0,32361.0,,,,
2015-04-13,Sum,15084.0,21155.0,15085.0,51324.0,,,,
2015-04-16,Sum,22502.0,18030.0,20925.0,61457.0,,,,
2015-04-17,Sum,0.0,19155.0,10952.0,30107.0,,,,
2015-04-18,Sum,105.0,19879.0,2512.0,22496.0,,,,
2015-04-19,Sum,0.0,12071.0,0.0,12071.0,,,,
2015-04-20,Sum,2292.0,8461.0,2291.0,13044.0,,,,
2015-04-21,Sum,13227.0,6613.0,6614.0,26454.0,,,,
2015-04-22,Sum,0.0,6294.0,6293.0,12587.0,,,,
2015-04-24,Sum,0.0,4766.0,0.0,4766.0,,,,
2015-04-25,Sum,6949.0,30034.0,0.0,36983.0,,,,
2015-04-26,Sum,10875.0,15737.0,7831.0,34443.0,,,,
2015-04-27,Sum,1022.0,7858.0,1023.0,9903.0,,,,
2015-04-28,Sum,0.0,16507.0,0.0,16507.0,,,,
2015-04-29,Sum,0.0,5861.0,0.0,5861.0,,,,
2015-04-30,Sum,67.0,6592.0,9638.0,16297.0,,,,
2015-05-01,Sum,3992.0,27034.0,1450.0,32476.0,22.0,4872.136363636364,13035.636363636364,3295.409090909091
2015-05-02,Sum,0.0,4114.0,4115.0,8229.0,,,,
2015-05-03,Sum,8440.0,44952.0,11880.0,65272.0,,,,
2015-05-04,Sum,3708.0,6595.0,5727.0,16030.0,,,,
2015-05-07,Sum,2975.0,8865.0,0.0,11840.0,,,,
2015-05-08,Sum,17634.0,23990.0,10774.0,52398.0,,,,
2015-05-12,Sum,0.0,17082.0,4716.0,21798.0,,,,
2015-05-13,Sum,0.0,7161.0,7160.0,14321.0,,,,
2015-05-14,Sum,29622.0,11574.0,0.0,41196.0,,,,
2015-05-15,Sum,0.0,5644.0,0.0,5644.0,,,,
2015-05-16,Sum,0.0,0.0,1468.0,1468.0,,,,
2015-05-17,Sum,0.0,8579.0,0.0,8579.0,,,,
2015-05-20,Sum,6702.0,6703.0,0.0,13405.0,,,,
2015-05-21,Sum,0.0,17505.0,0.0,17505.0,,,,
2015-05-23,Sum,7626.0,20099.0,0.0,27725.0,,,,
2015-05-24,Sum,6899.0,6900.0,0.0,13799.0,,,,
2015-05-25,Sum,1937.0,10439.0,4966.0,17342.0,,,,
2015-05-26,Sum,7295.0,13812.0,4606.0,25713.0,,,,
2015-05-28,Sum,0.0,16673.0,4607.0,21280.0,,,,
2015-05-29,Sum,0.0,2835.0,0.0,2835.0,,,,
2015-05-30,Sum,0.0,5515.0,11030.0,16545.0,,,,
2015-05-31,Sum,10357.0,20713.0,0.0,31070.0,,,,
2015-06-01,Sum,0.0,7939.0,0.0,7939.0,21.0,3911.3809523809523,10432.047619047618,4719.0952380952385
2015-06-04,Sum,3362.0,6994.0,14501.0,24857.0,,,,
2015-06-05,Sum,6559.0,0.0,0.0,6559.0,,,,
2015-06-07,Sum,0.0,2412.0,0.0,2412.0,,,,
2015-06-09,Sum,5671.0,21202.0,11509.0,38382.0,,,,
2015-06-11,Sum,9279.0,24731.0,6155.0,40165.0,,,,
2015-06-12,Sum,2981.0,6426.0,6914.0,16321.0,,,,
2015-06-13,Sum,0.0,27713.0,8443.0,36156.0,,,,
2015-06-14,Sum,1327.0,0.0,0.0,1327.0,,,,
2015-06-15,Sum,7767.0,7763.0,13412.0,28942.0,,,,
2015-06-16,Sum,3939.0,8899.0,0.0,12838.0,,,,
2015-06-18,Sum,16522.0,53137.0,7752.0,77411.0,,,,
2015-06-19,Sum,4449.0,13987.0,0.0,18436.0,,,,
2015-06-20,Sum,2744.0,0.0,2745.0,5489.0,,,,
2015-06-21,Sum,0.0,0.0,5133.0,5133.0,,,,
2015-06-22,Sum,3520.0,340.0,0.0,3860.0,,,,
2015-06-23,Sum,0.0,6705.0,15003.0,21708.0,,,,
2015-06-25,Sum,4045.0,16685.0,0.0,20730.0,,,,
2015-06-26,Sum,792.0,2370.0,7534.0,10696.0,,,,
2015-06-28,Sum,6977.0,6976.0,0.0,13953.0,,,,
2015-06-29,Sum,2205.0,4794.0,0.0,6999.0,,,,
2015-07-02,Sum,6979.0,27063.0,0.0,34042.0,,,,
2015-07-03,Sum,2691.0,1640.0,0.0,4331.0,,,,
2015-07-04,Sum,0.0,9206.0,1253.0,10459.0,,,,
2015-07-05,Sum,2635.0,10045.0,4405.0,17085.0,,,,
2015-07-06,Sum,9615.0,7858.0,1019.0,18492.0,,,,
2015-07-08,Sum,0.0,4192.0,0.0,4192.0,,,,
2015-07-09,Sum,3680.0,37075.0,7461.0,48216.0,,,,
2015-07-10,Sum,0.0,3198.0,0.0,3198.0,,,,
2015-07-11,Sum,11194.0,16118.0,5040.0,32352.0,,,,
2015-07-12,Sum,9093.0,9095.0,21437.0,39625.0,,,,
2015-07-13,Sum,1702.0,6991.0,0.0,8693.0,,,,
2015-07-14,Sum,15733.0,15729.0,0.0,31462.0,,,,
2015-07-16,Sum,9681.0,13251.0,4049.0,26981.0,,,,
2015-07-17,Sum,6778.0,0.0,0.0,6778.0,,,,
2015-07-18,Sum,0.0,7340.0,5832.0,13172.0,,,,
2015-07-19,Sum,0.0,1451.0,0.0,1451.0,,,,
2015-07-20,Sum,8770.0,13647.0,6236.0,28653.0,,,,
2015-07-23,Sum,3324.0,8169.0,0.0,11493.0,,,,
2015-07-24,Sum,6498.0,13000.0,6500.0,25998.0,,,,
2015-07-25,Sum,12444.0,13509.0,6944.0,32897.0,,,,
2015-07-26,Sum,947.0,26626.0,0.0,27573.0,,,,
2015-07-27,Sum,0.0,0.0,6218.0,6218.0,,,,
2015-07-30,Sum,6823.0,2449.0,272.0,9544.0,,,,
2015-07-31,Sum,1003.0,1004.0,5583.0,7590.0,,,,
2015-08-01,Sum,1506.0,1505.0,0.0,3011.0,22.0,4817.227272727273,13042.772727272728,4476.863636363636
2015-08-02,Sum,4970.0,9612.0,14581.0,29163.0,,,,
2015-08-05,Sum,5858.0,17568.0,0.0,23426.0,,,,
2015-08-06,Sum,0.0,2307.0,0.0,2307.0,,,,
2015-08-07,Sum,5156.0,20907.0,0.0,26063.0,,,,
2015-08-08,Sum,2933.0,25849.0,0.0,28782.0,,,,
2015-08-09,Sum,17136.0,17176.0,4755.0,39067.0,,,,
2015-08-10,Sum,0.0,18808.0,13289.0,32097.0,,,,
2015-08-11,Sum,5758.0,7199.0,7200.0,20157.0,,,,
2015-08-13,Sum,0.0,21986.0,0.0,21986.0,,,,
2015-08-15,Sum,5203.0,7841.0,0.0,13044.0,,,,
2015-08-16,Sum,7975.0,39549.0,18492.0,66016.0,,,,
2015-08-17,Sum,0.0,1458.0,0.0,1458.0,,,,
2015-08-21,Sum,19431.0,13983.0,0.0,33414.0,,,,
2015-08-22,Sum,0.0,3384.0,0.0,3384.0,,,,
2015-08-23,Sum,0.0,36482.0,4019.0,40501.0,,,,
2015-08-24,Sum,11434.0,9752.0,15443.0,36629.0,,,,
2015-08-25,Sum,16265.0,9468.0,0.0,25733.0,,,,
2015-08-27,Sum,0.0,12867.0,0.0,12867.0,,,,
2015-08-28,Sum,0.0,0.0,3056.0,3056.0,,,,
2015-08-29,Sum,0.0,0.0,12943.0,12943.0,,,,
2015-08-31,Sum,2354.0,9240.0,4713.0,16307.0,,,,
2015-09-01,Sum,5635.0,6307.0,336.0,12278.0,23.0,7608.260869565217,23686.782608695652,7007.304347826087
2015-09-03,Sum,10502.0,12568.0,5339.0,28409.0,,,,
2015-09-04,Sum,0.0,13113.0,5736.0,18849.0,,,,
2015-09-05,Sum,15480.0,20512.0,0.0,35992.0,,,,
2015-09-06,Sum,5624.0,19799.0,8891.0,34314.0,,,,
2015-09-07,Sum,6915.0,21064.0,11911.0,39890.0,,,,
2015-09-08,Sum,6255.0,10115.0,0.0,16370.0,,,,
2015-09-10,Sum,18682.0,23116.0,0.0,41798.0,,,,
2015-09-11,Sum,0.0,13310.0,0.0,13310.0,,,,
2015-09-12,Sum,0.0,34146.0,2900.0,37046.0,,,,
2015-09-13,Sum,11977.0,13142.0,5188.0,30307.0,,,,
2015-09-14,Sum,3190.0,16047.0,3825.0,23062.0,,,,
2015-09-15,Sum,12355.0,26460.0,3818.0,42633.0,,,,
2015-09-17,Sum,22502.0,30581.0,21294.0,74377.0,,,,
2015-09-18,Sum,3761.0,31115.0,12441.0,47317.0,,,,
2015-09-19,Sum,1303.0,6169.0,11736.0,19208.0,,,,
2015-09-21,Sum,21883.0,45172.0,19816.0,86871.0,,,,
2015-09-22,Sum,6801.0,44865.0,0.0,51666.0,,,,
2015-09-24,Sum,10826.0,20501.0,11816.0,43143.0,,,,
2015-09-25,Sum,7862.0,44521.0,16957.0,69340.0,,,,
2015-09-26,Sum,0.0,26269.0,11317.0,37586.0,,,,
2015-09-27,Sum,3437.0,46593.0,7847.0,57877.0,,,,
2015-09-28,Sum,0.0,19311.0,0.0,19311.0,,,,
2015-10-01,Sum,0.0,7713.0,6268.0,13981.0,25.0,3405.52,10746.2,5257.52
2015-10-02,Sum,0.0,40721.0,10177.0,50898.0,,,,
2015-10-03,Sum,3859.0,2704.0,1568.0,8131.0,,,,
2015-10-04,Sum,2764.0,3429.0,0.0,6193.0,,,,
2015-10-05,Sum,12453.0,6479.0,5611.0,24543.0,,,,
2015-10-08,Sum,5509.0,6454.0,0.0,11963.0,,,,
2015-10-09,Sum,0.0,36749.0,13923.0,50672.0,,,,
2015-10-10,Sum,0.0,16738.0,0.0,16738.0,,,,
2015-10-11,Sum,4.0,5.0,5345.0,5354.0,,,,
2015-10-12,Sum,2500.0,11165.0,13885.0,27550.0,,,,
2015-10-13,Sum,848.0,0.0,847.0,1695.0,,,,
2015-10-15,Sum,12948.0,22692.0,1548.0,37188.0,,,,
2015-10-16,Sum,0.0,0.0,6969.0,6969.0,,,,
2015-10-17,Sum,0.0,3405.0,0.0,3405.0,,,,
2015-10-18,Sum,0.0,6137.0,6136.0,12273.0,,,,
2015-10-19,Sum,0.0,10268.0,9398.0,19666.0,,,,
2015-10-22,Sum,0.0,1174.0,0.0,1174.0,,,,
2015-10-23,Sum,11612.0,21690.0,17794.0,51096.0,,,,
2015-10-24,Sum,11798.0,16235.0,0.0,28033.0,,,,
2015-10-25,Sum,10922.0,11470.0,6539.0,28931.0,,,,
2015-10-26,Sum,0.0,2090.0,10321.0,12411.0,,,,
2015-10-28,Sum,1999.0,1995.0,0.0,3994.0,,,,
2015-10-29,Sum,0.0,12651.0,0.0,12651.0,,,,
2015-10-30,Sum,3694.0,5253.0,12995.0,21942.0,,,,
2015-10-31,Sum,4228.0,21438.0,2114.0,27780.0,,,,
2015-11-01,Sum,21714.0,6746.0,10838.0,39298.0,27.0,9579.777777777777,20063.85185185185,7878.740740740741
2015-11-02,Sum,6289.0,0.0,1167.0,7456.0,,,,
2015-11-03,Sum,7253.0,2586.0,2975.0,12814.0,,,,
2015-11-05,Sum,1833.0,20795.0,0.0,22628.0,,,,
2015-11-06,Sum,0.0,2015.0,0.0,2015.0,,,,
2015-11-07,Sum,5807.0,28113.0,0.0,33920.0,,,,
2015-11-08,Sum,10015.0,44842.0,14394.0,69251.0,,,,
2015-11-09,Sum,1989.0,30167.0,15690.0,47846.0,,,,
2015-11-10,Sum,5853.0,22557.0,6117.0,34527.0,,,,
2015-11-12,Sum,7622.0,14113.0,3811.0,25546.0,,,,
2015-11-13,Sum,15232.0,22713.0,19053.0,56998.0,,,,
2015-11-14,Sum,17251.0,16822.0,20138.0,54211.0,,,,
2015-11-15,Sum,0.0,20214.0,0.0,20214.0,,,,
2015-11-16,Sum,19429.0,18674.0,13803.0,51906.0,,,,
2015-11-17,Sum,17539.0,21955.0,5842.0,45336.0,,,,
2015-11-19,Sum,3698.0,14948.0,7953.0,26599.0,,,,
2015-11-20,Sum,40482.0,60718.0,17258.0,118458.0,,,,
2015-11-21,Sum,7832.0,36443.0,25269.0,69544.0,,,,
2015-11-22,Sum,1751.0,25610.0,8507.0,35868.0,,,,
2015-11-23,Sum,0.0,19805.0,0.0,19805.0,,,,
2015-11-24,Sum,66.0,20160.0,63.0,20289.0,,,,
2015-11-25,Sum,0.0,2095.0,0.0,2095.0,,,,
2015-11-26,Sum,4271.0,8122.0,5773.0,18166.0,,,,
2015-11-27,Sum,24205.0,32108.0,23709.0,80022.0,,,,
2015-11-28,Sum,14483.0,6730.0,258.0,21471.0,,,,
2015-11-29,Sum,1705.0,12141.0,1567.0,15413.0,,,,
2015-11-30,Sum,22335.0,30532.0,8541.0,61408.0,,,,
2015-12-01,Sum,15236.0,32665.0,0.0,47901.0,29.0,7005.758620689655,19374.068965517243,6261.862068965517
2015-12-03,Sum,388.0,9756.0,4001.0,14145.0,,,,
2015-12-04,Sum,23399.0,28582.0,11323.0,63304.0,,,,
2015-12-05,Sum,3677.0,9793.0,4157.0,17627.0,,,,
2015-12-06,Sum,6139.0,46988.0,16358.0,69485.0,,,,
2015-12-07,Sum,1295.0,11623.0,4979.0,17897.0,,,,
2015-12-08,Sum,0.0,9331.0,13101.0,22432.0,,,,
2015-12-09,Sum,0.0,980.0,0.0,980.0,,,,
2015-12-10,Sum,12864.0,58379.0,13902.0,85145.0,,,,
2015-12-11,Sum,19156.0,25555.0,6800.0,51511.0,,,,
2015-12-12,Sum,7027.0,48673.0,4754.0,60454.0,,,,
2015-12-13,Sum,0.0,13713.0,9869.0,23582.0,,,,
2015-12-14,Sum,17679.0,12677.0,2234.0,32590.0,,,,
2015-12-15,Sum,3154.0,1102.0,9917.0,14173.0,,,,
2015-12-16,Sum,0.0,6873.0,0.0,6873.0,,,,
2015-12-17,Sum,25476.0,18067.0,0.0,43543.0,,,,
2015-12-18,Sum,4995.0,19621.0,2262.0,26878.0,,,,
2015-12-19,Sum,7489.0,24899.0,24939.0,57327.0,,,,
2015-12-20,Sum,6061.0,11887.0,3445.0,21393.0,,,,
2015-12-21,Sum,1014.0,14867.0,9429.0,25310.0,,,,
2015-12-22,Sum,0.0,4013.0,0.0,4013.0,,,,
2015-12-23,Sum,0.0,2320.0,0.0,2320.0,,,,
2015-12-24,Sum,6335.0,12652.0,2305.0,21292.0,,,,
2015-12-25,Sum,20933.0,46463.0,17509.0,84905.0,,,,
2015-12-26,Sum,10984.0,7626.0,0.0,18610.0,,,,
2015-12-27,Sum,7729.0,21772.0,8124.0,37625.0,,,,
2015-12-28,Sum,0.0,4037.0,162.0,4199.0,,,,
2015-12-30,Sum,0.0,18031.0,12024.0,30055.0,,,,
2015-12-31,Sum,2137.0,38903.0,0.0,41040.0,,,,
2016-01-02,Sum,4919.0,0.0,4920.0,9839.0,,,,
2016-01-03,Sum,0.0,3074.0,0.0,3074.0,,,,
2016-01-04,Sum,0.0,11737.0,2898.0,14635.0,,,,
2016-01-05,Sum,0.0,864.0,1728.0,2592.0,,,,
2016-01-07,Sum,0.0,2162.0,0.0,2162.0,,,,
2016-01-08,Sum,6851.0,22469.0,7810.0,37130.0,,,,
2016-01-09,Sum,3702.0,0.0,6419.0,10121.0,,,,
2016-01-10,Sum,11637.0,0.0,4668.0,16305.0,,,,
2016-01-11,Sum,0.0,2053.0,1028.0,3081.0,,,,
2016-01-14,Sum,7270.0,7269.0,0.0,14539.0,,,,
2016-01-15,Sum,3236.0,22954.0,2880.0,29070.0,,,,
2016-01-16,Sum,0.0,26.0,27.0,53.0,,,,
2016-01-17,Sum,876.0,0.0,4058.0,4934.0,,,,
2016-01-21,Sum,5753.0,0.0,0.0,5753.0,,,,
2016-01-22,Sum,7637.0,26159.0,12459.0,46255.0,,,,
2016-01-23,Sum,7294.0,0.0,0.0,7294.0,,,,
2016-01-24,Sum,0.0,4612.0,0.0,4612.0,,,,
2016-01-25,Sum,0.0,8655.0,0.0,8655.0,,,,
2016-01-30,Sum,15131.0,24758.0,0.0,39889.0,,,,
2016-01-31,Sum,0.0,17619.0,4999.0,22618.0,,,,
2016-02-01,Sum,0.0,3242.0,0.0,3242.0,22.0,2356.2727272727275,5636.0,1238.7727272727273
2016-02-02,Sum,0.0,5614.0,0.0,5614.0,,,,
2016-02-03,Sum,5754.0,0.0,0.0,5754.0,,,,
2016-02-04,Sum,6043.0,0.0,0.0,6043.0,,,,
2016-02-05,Sum,2773.0,9716.0,2779.0,15268.0,,,,
2016-02-06,Sum,5810.0,0.0,0.0,5810.0,,,,
2016-02-07,Sum,0.0,4426.0,1729.0,6155.0,,,,
2016-02-08,Sum,0.0,0.0,1828.0,1828.0,,,,
2016-02-11,Sum,0.0,0.0,1809.0,1809.0,,,,
2016-02-12,Sum,0.0,14389.0,0.0,14389.0,,,,
2016-02-13,Sum,0.0,721.0,0.0,721.0,,,,
2016-02-14,Sum,15627.0,15623.0,0.0,31250.0,,,,
2016-02-15,Sum,0.0,2487.0,0.0,2487.0,,,,
2016-02-16,Sum,1823.0,5467.0,0.0,7290.0,,,,
2016-02-19,Sum,854.0,17948.0,0.0,18802.0,,,,
2016-02-20,Sum,0.0,3456.0,0.0,3456.0,,,,
2016-02-21,Sum,5306.0,14280.0,8297.0,27883.0,,,,
2016-02-22,Sum,0.0,7752.0,10811.0,18563.0,,,,
2016-02-23,Sum,0.0,6237.0,0.0,6237.0,,,,
2016-02-25,Sum,0.0,2742.0,0.0,2742.0,,,,
2016-02-27,Sum,7848.0,6134.0,0.0,13982.0,,,,
2016-02-29,Sum,0.0,3758.0,0.0,3758.0,,,,
2016-03-01,Sum,1083.0,2169.0,5039.0,8291.0,25.0,4853.04,10112.76,4238.48
2016-03-03,Sum,12509.0,29092.0,21386.0,62987.0,,,,
2016-03-04,Sum,0.0,10087.0,0.0,10087.0,,,,
2016-03-05,Sum,0.0,1839.0,0.0,1839.0,,,,
2016-03-07,Sum,0.0,0.0,839.0,839.0,,,,
2016-03-08,Sum,8282.0,22594.0,7464.0,38340.0,,,,
2016-03-10,Sum,1876.0,6014.0,10078.0,17968.0,,,,
2016-03-11,Sum,4221.0,2806.0,45.0,7072.0,,,,
2016-03-12,Sum,5960.0,22285.0,0.0,28245.0,,,,
2016-03-13,Sum,18011.0,52561.0,22409.0,92981.0,,,,
2016-03-14,Sum,9881.0,13977.0,0.0,23858.0,,,,
2016-03-15,Sum,7649.0,7648.0,1615.0,16912.0,,,,
2016-03-17,Sum,4402.0,14933.0,3737.0,23072.0,,,,
2016-03-18,Sum,495.0,6474.0,0.0,6969.0,,,,
2016-03-19,Sum,7933.0,0.0,0.0,7933.0,,,,
2016-03-20,Sum,4353.0,1773.0,1338.0,7464.0,,,,
2016-03-21,Sum,6939.0,10113.0,0.0,17052.0,,,,
2016-03-22,Sum,7695.0,0.0,1672.0,9367.0,,,,
2016-03-24,Sum,0.0,4229.0,3030.0,7259.0,,,,
2016-03-25,Sum,0.0,7931.0,3371.0,11302.0,,,,
2016-03-26,Sum,0.0,3823.0,3160.0,6983.0,,,,
2016-03-28,Sum,0.0,15669.0,0.0,15669.0,,,,
2016-03-29,Sum,13909.0,15474.0,9936.0,39319.0,,,,
2016-03-30,Sum,0.0,1328.0,0.0,1328.0,,,,
2016-03-31,Sum,6128.0,0.0,10843.0,16971.0,,,,
2016-04-01,Sum,10785.0,30072.0,453.0,41310.0,24.0,4486.125,12699.875,2060.75
2016-04-03,Sum,5898.0,5059.0,5899.0,16856.0,,,,
2016-04-04,Sum,0.0,9684.0,4243.0,13927.0,,,,
2016-04-05,Sum,0.0,89.0,0.0,89.0,,,,
2016-04-07,Sum,4735.0,0.0,754.0,5489.0,,,,
2016-04-08,Sum,18620.0,31276.0,1198.0,51094.0,,,,
2016-04-09,Sum,5400.0,4615.0,3054.0,13069.0,,,,
2016-04-10,Sum,0.0,44325.0,0.0,44325.0,,,,
2016-04-12,Sum,14267.0,22763.0,0.0,37030.0,,,,
2016-04-13,Sum,0.0,7775.0,0.0,7775.0,,,,
2016-04-14,Sum,2398.0,10594.0,0.0,12992.0,,,,
2016-04-15,Sum,552.0,6299.0,863.0,7714.0,,,,
2016-04-16,Sum,4279.0,22490.0,11408.0,38177.0,,,,
2016-04-17,Sum,10620.0,3790.0,2644.0,17054.0,,,,
2016-04-18,Sum,0.0,12625.0,7781.0,20406.0,,,,
2016-04-19,Sum,1403.0,52113.0,8713.0,62229.0,,,,
2016-04-21,Sum,0.0,11802.0,0.0,11802.0,,,,
2016-04-22,Sum,3850.0,2975.0,0.0,6825.0,,,,
2016-04-23,Sum,0.0,9173.0,325.0,9498.0,,,,
2016-04-24,Sum,4988.0,13211.0,1180.0,19379.0,,,,
2016-04-25,Sum,0.0,667.0,332.0,999.0,,,,
2016-04-26,Sum,4648.0,0.0,0.0,4648.0,,,,
2016-04-28,Sum,10527.0,1684.0,611.0,12822.0,,,,
2016-04-30,Sum,4697.0,1716.0,0.0,6413.0,,,,
2016-05-01,Sum,2665.0,22919.0,0.0,25584.0,28.0,4413.25,16820.714285714286,3615.6428571428573
2016-05-02,Sum,5316.0,31303.0,0.0,36619.0,,,,
2016-05-03,Sum,0.0,13311.0,0.0,13311.0,,,,
2016-05-05,Sum,18673.0,16169.0,2590.0,37432.0,,,,
2016-05-06,Sum,2382.0,14753.0,3360.0,20495.0,,,,
2016-05-07,Sum,4367.0,4361.0,4367.0,13095.0,,,,
2016-05-08,Sum,1602.0,11345.0,1635.0,14582.0,,,,
2016-05-09,Sum,0.0,15545.0,8327.0,23872.0,,,,
2016-05-10,Sum,0.0,6573.0,0.0,6573.0,,,,
2016-05-11,Sum,0.0,161.0,0.0,161.0,,,,
2016-05-12,Sum,0.0,12439.0,0.0,12439.0,,,,
2016-05-14,Sum,6960.0,24001.0,12080.0,43041.0,,,,
2016-05-15,Sum,0.0,23820.0,0.0,23820.0,,,,
2016-05-16,Sum,0.0,5281.0,0.0,5281.0,,,,
2016-05-17,Sum,12496.0,36591.0,0.0,49087.0,,,,
2016-05-18,Sum,0.0,3355.0,0.0,3355.0,,,,
2016-05-19,Sum,4209.0,18653.0,0.0,22862.0,,,,
2016-05-20,Sum,639.0,8296.0,793.0,9728.0,,,,
2016-05-21,Sum,0.0,18498.0,3468.0,21966.0,,,,
2016-05-22,Sum,2442.0,9612.0,7331.0,19385.0,,,,
2016-05-23,Sum,1330.0,14433.0,14300.0,30063.0,,,,
2016-05-24,Sum,0.0,10005.0,0.0,10005.0,,,,
2016-05-25,Sum,2986.0,5975.0,0.0,8961.0,,,,
2016-05-26,Sum,9525.0,27110.0,14493.0,51128.0,,,,
2016-05-27,Sum,20382.0,25821.0,0.0,46203.0,,,,
2016-05-28,Sum,3169.0,17822.0,14163.0,35154.0,,,,
2016-05-29,Sum,3960.0,8452.0,534.0,12946.0,,,,
2016-05-30,Sum,20468.0,64376.0,13797.0,98641.0,,,,
2016-06-02,Sum,0.0,24487.0,0.0,24487.0,,,,
2016-06-04,Sum,6173.0,3154.0,2844.0,12171.0,,,,
2016-06-05,Sum,0.0,24500.0,0.0,24500.0,,,,
2016-06-06,Sum,0.0,27665.0,16864.0,44529.0,,,,
2016-06-07,Sum,0.0,10304.0,0.0,10304.0,,,,
2016-06-09,Sum,11515.0,0.0,4766.0,16281.0,,,,
2016-06-10,Sum,558.0,5699.0,0.0,6257.0,,,,
2016-06-11,Sum,2430.0,16194.0,8428.0,27052.0,,,,
2016-06-12,Sum,120.0,18168.0,561.0,18849.0,,,,
2016-06-13,Sum,0.0,10736.0,3662.0,14398.0,,,,
2016-06-14,Sum,20279.0,10193.0,9094.0,39566.0,,,,
2016-06-15,Sum,0.0,6050.0,0.0,6050.0,,,,
2016-06-16,Sum,0.0,4179.0,0.0,4179.0,,,,
2016-06-17,Sum,21739.0,34109.0,7805.0,63653.0,,,,
2016-06-18,Sum,0.0,6849.0,0.0,6849.0,,,,
2016-06-19,Sum,0.0,941.0,0.0,941.0,,,,
2016-06-20,Sum,8599.0,12625.0,9329.0,30553.0,,,,
2016-06-21,Sum,5228.0,10453.0,0.0,15681.0,,,,
2016-06-23,Sum,0.0,42186.0,6930.0,49116.0,,,,
2016-06-24,Sum,0.0,4704.0,8217.0,12921.0,,,,
2016-06-25,Sum,16999.0,6486.0,0.0,23485.0,,,,
2016-06-26,Sum,3957.0,8753.0,1694.0,14404.0,,,,
2016-06-27,Sum,2905.0,2904.0,6149.0,11958.0,,,,
2016-06-28,Sum,6751.0,35629.0,3922.0,46302.0,,,,
2016-06-29,Sum,0.0,1901.0,0.0,1901.0,,,,
2016-07-01,Sum,0.0,12522.0,7473.0,19995.0,25.0,4425.48,17440.44,5253.04
2016-07-02,Sum,1159.0,0.0,0.0,1159.0,,,,
2016-07-03,Sum,0.0,7131.0,0.0,7131.0,,,,
2016-07-04,Sum,14842.0,8908.0,11875.0,35625.0,,,,
2016-07-07,Sum,10529.0,29034.0,10509.0,50072.0,,,,
2016-07-08,Sum,1941.0,22417.0,8993.0,33351.0,,,,
2016-07-09,Sum,2825.0,0.0,0.0,2825.0,,,,
2016-07-10,Sum,0.0,8826.0,7238.0,16064.0,,,,
2016-07-12,Sum,0.0,0.0,478.0,478.0,,,,
2016-07-14,Sum,15396.0,34328.0,11259.0,60983.0,,,,
2016-07-15,Sum,7932.0,10171.0,0.0,18103.0,,,,
2016-07-16,Sum,3365.0,35806.0,8167.0,47338.0,,,,
2016-07-17,Sum,12550.0,46364.0,14601.0,73515.0,,,,
2016-07-18,Sum,4246.0,7272.0,11578.0,23096.0,,,,
2016-07-19,Sum,11975.0,23950.0,14557.0,50482.0,,,,
2016-07-20,Sum,0.0,0.0,7987.0,7987.0,,,,
2016-07-21,Sum,5834.0,43687.0,0.0,49521.0,,,,
2016-07-22,Sum,1528.0,21426.0,4441.0,27395.0,,,,
2016-07-23,Sum,0.0,41276.0,836.0,42112.0,,,,
2016-07-24,Sum,6762.0,0.0,0.0,6762.0,,,,
2016-07-25,Sum,5078.0,26618.0,1987.0,33683.0,,,,
2016-07-28,Sum,0.0,18286.0,0.0,18286.0,,,,
2016-07-29,Sum,0.0,8324.0,0.0,8324.0,,,,
2016-07-30,Sum,0.0,24993.0,0.0,24993.0,,,,
2016-07-31,Sum,4675.0,4672.0,9347.0,18694.0,,,,
2016-08-01,Sum,0.0,14873.0,7770.0,22643.0,26.0,3154.5384615384614,13933.538461538461,5728.7307692307695
2016-08-02,Sum,5245.0,5247.0,5246.0,15738.0,,,,
2016-08-03,Sum,0.0,6158.0,6159.0,12317.0,,,,
2016-08-04,Sum,1766.0,16159.0,4086.0,22011.0,,,,
2016-08-06,Sum,0.0,3447.0,5943.0,9390.0,,,,
2016-08-07,Sum,0.0,0.0,6583.0,6583.0,,,,
2016-08-08,Sum,3497.0,19051.0,0.0,22548.0,,,,
2016-08-09,Sum,0.0,7036.0,3518.0,10554.0,,,,
2016-08-12,Sum,4646.0,1087.0,2573.0,8306.0,,,,
2016-08-13,Sum,3763.0,29131.0,6022.0,38916.0,,,,
2016-08-14,Sum,0.0,12429.0,5381.0,17810.0,,,,
2016-08-15,Sum,2858.0,2364.0,3643.0,8865.0,,,,
2016-08-16,Sum,6134.0,10548.0,0.0,16682.0,,,,
2016-08-17,Sum,0.0,3350.0,0.0,3350.0,,,,
2016-08-18,Sum,0.0,12916.0,2956.0,15872.0,,,,
2016-08-19,Sum,0.0,21291.0,0.0,21291.0,,,,
2016-08-20,Sum,0.0,0.0,1902.0,1902.0,,,,
2016-08-21,Sum,12499.0,31231.0,20601.0,64331.0,,,,
2016-08-22,Sum,0.0,18711.0,0.0,18711.0,,,,
2016-08-23,Sum,6134.0,56296.0,14123.0,76553.0,,,,
2016-08-26,Sum,12026.0,27783.0,38396.0,78205.0,,,,
2016-08-27,Sum,3343.0,34817.0,3344.0,41504.0,,,,
2016-08-28,Sum,4072.0,10833.0,2693.0,17598.0,,,,
2016-08-29,Sum,9369.0,10751.0,1343.0,21463.0,,,,
2016-08-30,Sum,6666.0,989.0,6665.0,14320.0,,,,
2016-08-31,Sum,0.0,5774.0,0.0,5774.0,,,,
2016-09-01,Sum,6080.0,55151.0,21633.0,82864.0,28.0,9955.67857142857,30360.714285714286,5188.535714285715
2016-09-02,Sum,15427.0,55517.0,13847.0,84791.0,,,,
2016-09-03,Sum,22504.0,27002.0,871.0,50377.0,,,,
2016-09-04,Sum,11368.0,53783.0,0.0,65151.0,,,,
2016-09-05,Sum,48900.0,108273.0,8681.0,165854.0,,,,
2016-09-06,Sum,1043.0,15338.0,6395.0,22776.0,,,,
2016-09-08,Sum,22362.0,49679.0,9879.0,81920.0,,,,
2016-09-09,Sum,3568.0,3987.0,0.0,7555.0,,,,
2016-09-10,Sum,2494.0,5445.0,9202.0,17141.0,,,,
2016-09-11,Sum,0.0,57021.0,10920.0,67941.0,,,,
2016-09-12,Sum,7778.0,41431.0,6842.0,56051.0,,,,
2016-09-13,Sum,7388.0,51686.0,14771.0,73845.0,,,,
2016-09-14,Sum,0.0,2554.0,0.0,2554.0,,,,
2016-09-15,Sum,0.0,10777.0,0.0,10777.0,,,,
2016-09-16,Sum,7271.0,14271.0,0.0,21542.0,,,,
2016-09-17,Sum,5506.0,7213.0,7105.0,19824.0,,,,
2016-09-18,Sum,30314.0,18192.0,0.0,48506.0,,,,
2016-09-19,Sum,7264.0,35031.0,3719.0,46014.0,,,,
2016-09-20,Sum,11213.0,17065.0,0.0,28278.0,,,,
2016-09-22,Sum,6465.0,24271.0,3622.0,34358.0,,,,
2016-09-23,Sum,12170.0,39699.0,0.0,51869.0,,,,
2016-09-24,Sum,24530.0,34236.0,0.0,58766.0,,,,
2016-09-25,Sum,12655.0,42940.0,5620.0,61215.0,,,,
2016-09-26,Sum,3109.0,39296.0,11764.0,54169.0,,,,
2016-09-27,Sum,2404.0,19652.0,6908.0,28964.0,,,,
2016-09-28,Sum,0.0,377.0,0.0,377.0,,,,
2016-09-29,Sum,0.0,15988.0,3500.0,19488.0,,,,
2016-09-30,Sum,6946.0,4225.0,0.0,11171.0,,,,
2016-10-01,Sum,4562.0,17053.0,3931.0,25546.0,26.0,5115.115384615385,16091.76923076923,4200.384615384615
2016-10-02,Sum,0.0,34819.0,6827.0,41646.0,,,,
2016-10-03,Sum,15224.0,24518.0,0.0,39742.0,,,,
2016-10-04,Sum,0.0,19638.0,7667.0,27305.0,,,,
2016-10-06,Sum,0.0,21552.0,15287.0,36839.0,,,,
2016-10-07,Sum,0.0,14830.0,4751.0,19581.0,,,,
2016-10-08,Sum,2557.0,17249.0,0.0,19806.0,,,,
2016-10-09,Sum,13866.0,13864.0,2785.0,30515.0,,,,
2016-10-10,Sum,15938.0,14547.0,7969.0,38454.0,,,,
2016-10-13,Sum,12480.0,33089.0,2164.0,47733.0,,,,
2016-10-14,Sum,3801.0,15218.0,5287.0,24306.0,,,,
2016-10-15,Sum,0.0,32404.0,2523.0,34927.0,,,,
2016-10-16,Sum,7317.0,0.0,0.0,7317.0,,,,
2016-10-17,Sum,0.0,1499.0,0.0,1499.0,,,,
2016-10-18,Sum,2886.0,0.0,0.0,2886.0,,,,
2016-10-20,Sum,6208.0,25758.0,12439.0,44405.0,,,,
2016-10-21,Sum,6656.0,39747.0,10390.0,56793.0,,,,
2016-10-22,Sum,11443.0,13161.0,0.0,24604.0,,,,
2016-10-23,Sum,1810.0,7599.0,0.0,9409.0,,,,
2016-10-24,Sum,0.0,7760.0,24170.0,31930.0,,,,
2016-10-25,Sum,0.0,0.0,2801.0,2801.0,,,,
2016-10-27,Sum,4994.0,8775.0,0.0,13769.0,,,,
2016-10-28,Sum,11215.0,13513.0,219.0,24947.0,,,,
2016-10-29,Sum,3168.0,9314.0,0.0,12482.0,,,,
2016-10-30,Sum,0.0,3292.0,0.0,3292.0,,,,
2016-10-31,Sum,8868.0,29187.0,0.0,38055.0,,,,
2016-11-01,Sum,0.0,4780.0,5462.0,10242.0,28.0,10093.17857142857,23899.285714285714,8724.535714285714
2016-11-03,Sum,11342.0,57484.0,2475.0,71301.0,,,,
2016-11-04,Sum,30778.0,67925.0,0.0,98703.0,,,,
2016-11-05,Sum,15840.0,42282.0,21299.0,79421.0,,,,
2016-11-06,Sum,10203.0,14930.0,0.0,25133.0,,,,
2016-11-07,Sum,7554.0,13361.0,3061.0,23976.0,,,,
2016-11-08,Sum,3.0,0.0,0.0,3.0,,,,
2016-11-10,Sum,19986.0,78789.0,11170.0,109945.0,,,,
2016-11-11,Sum,12432.0,39363.0,14108.0,65903.0,,,,
2016-11-12,Sum,32862.0,20069.0,8266.0,61197.0,,,,
2016-11-13,Sum,14136.0,32255.0,6117.0,52508.0,,,,
2016-11-14,Sum,21286.0,29255.0,14257.0,64798.0,,,,
2016-11-15,Sum,0.0,4481.0,6308.0,10789.0,,,,
2016-11-16,Sum,0.0,6954.0,0.0,6954.0,,,,
2016-11-17,Sum,0.0,5115.0,0.0,5115.0,,,,
2016-11-18,Sum,9114.0,23694.0,10477.0,43285.0,,,,
2016-11-19,Sum,1107.0,22920.0,1111.0,25138.0,,,,
2016-11-20,Sum,13265.0,34439.0,22387.0,70091.0,,,,
2016-11-21,Sum,19055.0,21288.0,14240.0,54583.0,,,,
2016-11-22,Sum,1288.0,29693.0,6085.0,37066.0,,,,
2016-11-23,Sum,5841.0,2919.0,0.0,8760.0,,,,
2016-11-24,Sum,9668.0,29877.0,23245.0,62790.0,,,,
2016-11-25,Sum,7687.0,25498.0,36789.0,69974.0,,,,
2016-11-26,Sum,5924.0,19435.0,3697.0,29056.0,,,,
2016-11-27,Sum,13104.0,7461.0,14382.0,34947.0,,,,
2016-11-28,Sum,12255.0,34913.0,12252.0,59420.0,,,,
2016-11-29,Sum,7879.0,0.0,3612.0,11491.0,,,,
2016-11-30,Sum,0.0,0.0,3487.0,3487.0,,,,
2016-12-01,Sum,10954.0,6549.0,5862.0,23365.0,28.0,10795.107142857143,23932.60714285714,6483.714285714285
2016-12-02,Sum,12380.0,48730.0,6469.0,67579.0,,,,
2016-12-03,Sum,34369.0,32568.0,5426.0,72363.0,,,,
2016-12-04,Sum,1223.0,17995.0,1224.0,20442.0,,,,
2016-12-05,Sum,7344.0,20288.0,5357.0,32989.0,,,,
2016-12-06,Sum,0.0,15823.0,5869.0,21692.0,,,,
2016-12-08,Sum,3518.0,21244.0,18579.0,43341.0,,,,
2016-12-09,Sum,3258.0,30409.0,17213.0,50880.0,,,,
2016-12-10,Sum,4190.0,30041.0,2196.0,36427.0,,,,
2016-12-11,Sum,32941.0,77859.0,9675.0,120475.0,,,,
2016-12-12,Sum,10152.0,24018.0,13861.0,48031.0,,,,
2016-12-13,Sum,943.0,4629.0,456.0,6028.0,,,,
2016-12-14,Sum,17805.0,39914.0,0.0,57719.0,,,,
2016-12-15,Sum,13747.0,7371.0,0.0,21118.0,,,,
2016-12-16,Sum,6203.0,8655.0,0.0,14858.0,,,,
2016-12-17,Sum,3771.0,5912.0,0.0,9683.0,,,,
2016-12-18,Sum,20219.0,34490.0,21364.0,76073.0,,,,
2016-12-19,Sum,5543.0,31224.0,0.0,36767.0,,,,
2016-12-20,Sum,3721.0,10751.0,3516.0,17988.0,,,,
2016-12-22,Sum,3653.0,1825.0,0.0,5478.0,,,,
2016-12-23,Sum,4909.0,42351.0,6528.0,53788.0,,,,
2016-12-24,Sum,13430.0,14507.0,8091.0,36028.0,,,,
2016-12-25,Sum,55584.0,22920.0,31911.0,110415.0,,,,
2016-12-26,Sum,14221.0,33557.0,7943.0,55721.0,,,,
2016-12-27,Sum,2845.0,8879.0,7182.0,18906.0,,,,
2016-12-29,Sum,7778.0,28804.0,0.0,36582.0,,,,
2016-12-30,Sum,7562.0,25185.0,0.0,32747.0,,,,
2016-12-31,Sum,0.0,23615.0,2822.0,26437.0,,,,
2017-01-01,Sum,4859.0,6683.0,0.0,11542.0,23.0,2009.0434782608695,12660.652173913044,2852.391304347826
2017-01-02,Sum,0.0,2685.0,1341.0,4026.0,,,,
2017-01-03,Sum,0.0,5258.0,0.0,5258.0,,,,
2017-01-06,Sum,0.0,4937.0,0.0,4937.0,,,,
2017-01-07,Sum,0.0,31615.0,978.0,32593.0,,,,
2017-01-08,Sum,2290.0,0.0,0.0,2290.0,,,,
2017-01-09,Sum,0.0,7221.0,0.0,7221.0,,,,
2017-01-12,Sum,1847.0,7746.0,0.0,9593.0,,,,
2017-01-13,Sum,6622.0,19860.0,0.0,26482.0,,,,
2017-01-14,Sum,0.0,31977.0,10261.0,42238.0,,,,
2017-01-15,Sum,0.0,27328.0,12771.0,40099.0,,,,
2017-01-16,Sum,17067.0,13044.0,0.0,30111.0,,,,
2017-01-19,Sum,0.0,1885.0,0.0,1885.0,,,,
2017-01-20,Sum,440.0,15241.0,4068.0,19749.0,,,,
2017-01-21,Sum,737.0,10497.0,8782.0,20016.0,,,,
2017-01-22,Sum,0.0,17523.0,516.0,18039.0,,,,
2017-01-23,Sum,523.0,19074.0,6360.0,25957.0,,,,
2017-01-24,Sum,0.0,2376.0,0.0,2376.0,,,,
2017-01-26,Sum,0.0,18981.0,0.0,18981.0,,,,
2017-01-27,Sum,0.0,2169.0,11563.0,13732.0,,,,
2017-01-28,Sum,1416.0,4784.0,8193.0,14393.0,,,,
2017-01-29,Sum,0.0,26007.0,0.0,26007.0,,,,
2017-01-30,Sum,10407.0,14304.0,772.0,25483.0,,,,
2017-02-02,Sum,5145.0,10558.0,131.0,15834.0,,,,
2017-02-03,Sum,7447.0,34493.0,0.0,41940.0,,,,
2017-02-04,Sum,0.0,7065.0,0.0,7065.0,,,,
2017-02-05,Sum,0.0,19974.0,6840.0,26814.0,,,,
2017-02-06,Sum,8236.0,14382.0,7026.0,29644.0,,,,
2017-02-09,Sum,9048.0,13419.0,3086.0,25553.0,,,,
2017-02-10,Sum,1535.0,2368.0,0.0,3903.0,,,,
2017-02-11,Sum,3146.0,1520.0,3147.0,7813.0,,,,
2017-02-13,Sum,2732.0,21046.0,2731.0,26509.0,,,,
2017-02-16,Sum,0.0,10093.0,6314.0,16407.0,,,,
2017-02-17,Sum,3860.0,9307.0,8223.0,21390.0,,,,
2017-02-18,Sum,0.0,5390.0,10777.0,16167.0,,,,
2017-02-19,Sum,3964.0,8710.0,0.0,12674.0,,,,
2017-02-20,Sum,14120.0,24411.0,14113.0,52644.0,,,,
2017-02-23,Sum,0.0,8110.0,6028.0,14138.0,,,,
2017-02-24,Sum,0.0,9219.0,7228.0,16447.0,,,,
2017-02-25,Sum,15069.0,3765.0,0.0,18834.0,,,,
2017-02-26,Sum,1191.0,10495.0,1190.0,12876.0,,,,
2017-03-02,Sum,7640.0,34320.0,5019.0,46979.0,,,,
2017-03-03,Sum,10051.0,4385.0,10051.0,24487.0,,,,
2017-03-04,Sum,6447.0,19034.0,0.0,25481.0,,,,
2017-03-05,Sum,0.0,40647.0,5950.0,46597.0,,,,
2017-03-06,Sum,3736.0,32605.0,6515.0,42856.0,,,,
2017-03-07,Sum,0.0,9807.0,1372.0,11179.0,,,,
2017-03-08,Sum,0.0,10490.0,0.0,10490.0,,,,
2017-03-09,Sum,0.0,0.0,1926.0,1926.0,,,,
2017-03-10,Sum,2513.0,11249.0,12238.0,26000.0,,,,
2017-03-11,Sum,7146.0,17286.0,7144.0,31576.0,,,,
2017-03-12,Sum,0.0,10023.0,3188.0,13211.0,,,,
2017-03-13,Sum,5568.0,62144.0,22839.0,90551.0,,,,
2017-03-16,Sum,0.0,3859.0,9284.0,13143.0,,,,
2017-03-17,Sum,0.0,22280.0,7361.0,29641.0,,,,
2017-03-18,Sum,679.0,5064.0,678.0,6421.0,,,,
2017-03-19,Sum,10463.0,16283.0,13035.0,39781.0,,,,
2017-03-20,Sum,447.0,0.0,2321.0,2768.0,,,,
2017-03-21,Sum,4429.0,20708.0,0.0,25137.0,,,,
2017-03-23,Sum,2410.0,16614.0,0.0,19024.0,,,,
2017-03-24,Sum,7800.0,9902.0,9904.0,27606.0,,,,
2017-03-25,Sum,8826.0,21083.0,6650.0,36559.0,,,,
2017-03-26,Sum,7499.0,31898.0,22339.0,61736.0,,,,
2017-03-27,Sum,4676.0,0.0,0.0,4676.0,,,,
2017-03-28,Sum,11487.0,24852.0,5742.0,42081.0,,,,
2017-03-29,Sum,0.0,5720.0,0.0,5720.0,,,,
2017-03-30,Sum,0.0,22608.0,7504.0,30112.0,,,,
2017-03-31,Sum,4896.0,29807.0,12142.0,46845.0,,,,
2017-04-01,Sum,15717.0,25348.0,9707.0,50772.0,26.0,5722.115384615385,16415.53846153846,3828.076923076923
2017-04-02,Sum,4386.0,5642.0,3050.0,13078.0,,,,
2017-04-03,Sum,953.0,3725.0,0.0,4678.0,,,,
2017-04-04,Sum,0.0,13289.0,18924.0,32213.0,,,,
2017-04-07,Sum,700.0,234.0,236.0,1170.0,,,,
2017-04-08,Sum,13591.0,20127.0,0.0,33718.0,,,,
2017-04-09,Sum,0.0,14072.0,0.0,14072.0,,,,
2017-04-10,Sum,13214.0,24816.0,9883.0,47913.0,,,,
2017-04-11,Sum,0.0,8358.0,6353.0,14711.0,,,,
2017-04-12,Sum,0.0,2881.0,0.0,2881.0,,,,
2017-04-13,Sum,0.0,4239.0,0.0,4239.0,,,,
2017-04-14,Sum,14108.0,8556.0,0.0,22664.0,,,,
2017-04-15,Sum,1867.0,18862.0,0.0,20729.0,,,,
2017-04-16,Sum,2547.0,26592.0,2741.0,31880.0,,,,
2017-04-17,Sum,10115.0,39492.0,9873.0,59480.0,,,,
2017-04-20,Sum,28084.0,34269.0,0.0,62353.0,,,,
2017-04-21,Sum,10898.0,9952.0,11280.0,32130.0,,,,
2017-04-22,Sum,3832.0,0.0,0.0,3832.0,,,,
2017-04-23,Sum,14484.0,31669.0,3867.0,50020.0,,,,
2017-04-24,Sum,0.0,14241.0,12002.0,26243.0,,,,
2017-04-25,Sum,0.0,34503.0,7172.0,41675.0,,,,
2017-04-26,Sum,1359.0,5923.0,0.0,7282.0,,,,
2017-04-27,Sum,3099.0,17012.0,0.0,20111.0,,,,
2017-04-28,Sum,0.0,10911.0,0.0,10911.0,,,,
2017-04-29,Sum,1728.0,7157.0,0.0,8885.0,,,,
2017-04-30,Sum,8093.0,44934.0,4442.0,57469.0,,,,
2017-05-01,Sum,0.0,0.0,3896.0,3896.0,26.0,6226.2307692307695,20970.69230769231,5602.7307692307695
2017-05-02,Sum,2518.0,22182.0,6913.0,31613.0,,,,
2017-05-03,Sum,0.0,22484.0,0.0,22484.0,,,,
2017-05-04,Sum,1355.0,28543.0,1353.0,31251.0,,,,
2017-05-05,Sum,5288.0,28334.0,0.0,33622.0,,,,
2017-05-06,Sum,4670.0,39167.0,8608.0,52445.0,,,,
2017-05-07,Sum,11487.0,3831.0,5001.0,20319.0,,,,
2017-05-08,Sum,6067.0,0.0,3274.0,9341.0,,,,
2017-05-11,Sum,9715.0,33788.0,0.0,43503.0,,,,
2017-05-12,Sum,12490.0,50366.0,6670.0,69526.0,,,,
2017-05-13,Sum,0.0,12819.0,2597.0,15416.0,,,,
2017-05-14,Sum,13685.0,79419.0,17849.0,110953.0,,,,
2017-05-15,Sum,7899.0,7427.0,6468.0,21794.0,,,,
2017-05-16,Sum,0.0,4093.0,0.0,4093.0,,,,
2017-05-18,Sum,8365.0,35801.0,21634.0,65800.0,,,,
2017-05-19,Sum,12530.0,40317.0,16715.0,69562.0,,,,
2017-05-20,Sum,12137.0,28732.0,6070.0,46939.0,,,,
2017-05-21,Sum,989.0,990.0,0.0,1979.0,,,,
2017-05-22,Sum,5540.0,18328.0,6467.0,30335.0,,,,
2017-05-23,Sum,4510.0,19494.0,0.0,24004.0,,,,
2017-05-25,Sum,0.0,6671.0,0.0,6671.0,,,,
2017-05-26,Sum,0.0,14001.0,0.0,14001.0,,,,
2017-05-27,Sum,6436.0,18839.0,14897.0,40172.0,,,,
2017-05-28,Sum,6328.0,0.0,2434.0,8762.0,,,,
2017-05-29,Sum,9653.0,23209.0,0.0,32862.0,,,,
2017-05-30,Sum,20220.0,6403.0,14825.0,41448.0,,,,
2017-06-01,Sum,0.0,27426.0,4840.0,32266.0,26.0,4985.192307692308,17916.346153846152,5919.384615384615
2017-06-02,Sum,0.0,21213.0,1331.0,22544.0,,,,
2017-06-03,Sum,13171.0,44652.0,37977.0,95800.0,,,,
2017-06-04,Sum,1090.0,19140.0,1091.0,21321.0,,,,
2017-06-05,Sum,0.0,0.0,3912.0,3912.0,,,,
2017-06-06,Sum,3854.0,3855.0,0.0,7709.0,,,,
2017-06-08,Sum,7815.0,13921.0,8484.0,30220.0,,,,
2017-06-09,Sum,1341.0,6034.0,0.0,7375.0,,,,
2017-06-10,Sum,486.0,41217.0,6498.0,48201.0,,,,
2017-06-11,Sum,6533.0,26927.0,4222.0,37682.0,,,,
2017-06-12,Sum,6968.0,9373.0,5497.0,21838.0,,,,
2017-06-13,Sum,9178.0,8711.0,1448.0,19337.0,,,,
2017-06-15,Sum,0.0,19977.0,7436.0,27413.0,,,,
2017-06-16,Sum,3088.0,22766.0,8410.0,34264.0,,,,
2017-06-17,Sum,1012.0,15221.0,15831.0,32064.0,,,,
2017-06-18,Sum,4496.0,10801.0,0.0,15297.0,,,,
2017-06-19,Sum,14211.0,17920.0,7761.0,39892.0,,,,
2017-06-20,Sum,0.0,9881.0,1713.0,11594.0,,,,
2017-06-21,Sum,1629.0,25318.0,0.0,26947.0,,,,
2017-06-22,Sum,0.0,18078.0,0.0,18078.0,,,,
2017-06-24,Sum,8101.0,16463.0,0.0,24564.0,,,,
2017-06-25,Sum,4270.0,5982.0,7454.0,17706.0,,,,
2017-06-26,Sum,7861.0,42827.0,20131.0,70819.0,,,,
2017-06-27,Sum,2957.0,6145.0,0.0,9102.0,,,,
2017-06-29,Sum,11468.0,28995.0,4711.0,45174.0,,,,
2017-06-30,Sum,20086.0,2982.0,5157.0,28225.0,,,,
2017-07-01,Sum,0.0,10191.0,0.0,10191.0,27.0,7459.074074074074,16748.40740740741,6875.925925925926
2017-07-02,Sum,0.0,15393.0,0.0,15393.0,,,,
2017-07-03,Sum,11466.0,19981.0,30706.0,62153.0,,,,
2017-07-05,Sum,4230.0,16930.0,0.0,21160.0,,,,
2017-07-06,Sum,12774.0,399.0,0.0,13173.0,,,,
2017-07-07,Sum,5930.0,13127.0,20172.0,39229.0,,,,
2017-07-08,Sum,7526.0,21119.0,1624.0,30269.0,,,,
2017-07-09,Sum,2574.0,23726.0,6143.0,32443.0,,,,
2017-07-10,Sum,2927.0,3107.0,0.0,6034.0,,,,
2017-07-11,Sum,0.0,7704.0,2705.0,10409.0,,,,
2017-07-13,Sum,4805.0,11953.0,4804.0,21562.0,,,,
2017-07-14,Sum,22509.0,52540.0,22513.0,97562.0,,,,
2017-07-15,Sum,15284.0,33972.0,5500.0,54756.0,,,,
2017-07-16,Sum,24.0,2572.0,0.0,2596.0,,,,
2017-07-17,Sum,12620.0,21477.0,9099.0,43196.0,,,,
2017-07-18,Sum,18794.0,14880.0,7043.0,40717.0,,,,
2017-07-20,Sum,2897.0,12997.0,2319.0,18213.0,,,,
2017-07-21,Sum,27719.0,68612.0,22958.0,119289.0,,,,
2017-07-22,Sum,0.0,0.0,3197.0,3197.0,,,,
2017-07-23,Sum,0.0,19288.0,4374.0,23662.0,,,,
2017-07-24,Sum,0.0,0.0,6902.0,6902.0,,,,
2017-07-25,Sum,21498.0,28329.0,0.0,49827.0,,,,
2017-07-27,Sum,9423.0,0.0,5298.0,14721.0,,,,
2017-07-28,Sum,0.0,4439.0,2221.0,6660.0,,,,
2017-07-29,Sum,11939.0,18464.0,10835.0,41238.0,,,,
2017-07-30,Sum,0.0,8944.0,7739.0,16683.0,,,,
2017-07-31,Sum,6456.0,22063.0,9498.0,38017.0,,,,
2017-08-01,Sum,0.0,10933.0,4050.0,14983.0,27.0,4624.111111111111,20953.333333333332,4115.481481481482
2017-08-03,Sum,6641.0,11720.0,0.0,18361.0,,,,
2017-08-04,Sum,0.0,15424.0,0.0,15424.0,,,,
2017-08-05,Sum,0.0,20808.0,6642.0,27450.0,,,,
2017-08-06,Sum,3867.0,25734.0,6399.0,36000.0,,,,
2017-08-07,Sum,0.0,23366.0,18765.0,42131.0,,,,
2017-08-10,Sum,2189.0,8916.0,2190.0,13295.0,,,,
2017-08-11,Sum,0.0,18775.0,4028.0,22803.0,,,,
2017-08-12,Sum,13529.0,24157.0,0.0,37686.0,,,,
2017-08-13,Sum,15806.0,56509.0,7901.0,80216.0,,,,
2017-08-14,Sum,4491.0,4797.0,0.0,9288.0,,,,
2017-08-15,Sum,0.0,10290.0,0.0,10290.0,,,,
2017-08-16,Sum,0.0,14535.0,0.0,14535.0,,,,
2017-08-17,Sum,23540.0,77517.0,14349.0,115406.0,,,,
2017-08-18,Sum,8068.0,35469.0,11845.0,55382.0,,,,
2017-08-19,Sum,0.0,15761.0,0.0,15761.0,,,,
2017-08-20,Sum,0.0,24554.0,5967.0,30521.0,,,,
2017-08-21,Sum,14311.0,25859.0,3336.0,43506.0,,,,
2017-08-22,Sum,11340.0,0.0,0.0,11340.0,,,,
2017-08-23,Sum,4301.0,12901.0,4298.0,21500.0,,,,
2017-08-24,Sum,0.0,22858.0,0.0,22858.0,,,,
2017-08-25,Sum,0.0,11756.0,0.0,11756.0,,,,
2017-08-26,Sum,0.0,0.0,2717.0,2717.0,,,,
2017-08-27,Sum,7878.0,32996.0,5547.0,46421.0,,,,
2017-08-28,Sum,2484.0,22015.0,2483.0,26982.0,,,,
2017-08-29,Sum,0.0,10067.0,0.0,10067.0,,,,
2017-08-31,Sum,6406.0,28023.0,10601.0,45030.0,,,,
2017-09-01,Sum,8451.0,9056.0,4332.0,21839.0,28.0,11335.5,36756.5,12396.714285714286
2017-09-02,Sum,13994.0,70889.0,18845.0,103728.0,,,,
2017-09-03,Sum,23865.0,29449.0,12960.0,66274.0,,,,
2017-09-04,Sum,18755.0,74895.0,12377.0,106027.0,,,,
2017-09-05,Sum,0.0,5050.0,0.0,5050.0,,,,
2017-09-07,Sum,19227.0,28137.0,20069.0,67433.0,,,,
2017-09-08,Sum,15020.0,19953.0,23731.0,58704.0,,,,
2017-09-09,Sum,19922.0,79325.0,11375.0,110622.0,,,,
2017-09-10,Sum,1848.0,35841.0,17738.0,55427.0,,,,
2017-09-11,Sum,22593.0,56685.0,6236.0,85514.0,,,,
2017-09-12,Sum,1510.0,21824.0,0.0,23334.0,,,,
2017-09-13,Sum,0.0,7664.0,0.0,7664.0,,,,
2017-09-14,Sum,13626.0,24347.0,13626.0,51599.0,,,,
2017-09-15,Sum,34706.0,64589.0,23112.0,122407.0,,,,
2017-09-16,Sum,3458.0,17214.0,7645.0,28317.0,,,,
2017-09-17,Sum,12410.0,35405.0,7453.0,55268.0,,,,
2017-09-18,Sum,10808.0,63686.0,19198.0,93692.0,,,,
2017-09-19,Sum,12243.0,54605.0,26785.0,93633.0,,,,
2017-09-20,Sum,24390.0,30481.0,30494.0,85365.0,,,,
2017-09-21,Sum,0.0,23158.0,10803.0,33961.0,,,,
2017-09-22,Sum,2123.0,49331.0,14292.0,65746.0,,,,
2017-09-23,Sum,4445.0,26940.0,10564.0,41949.0,,,,
2017-09-24,Sum,4214.0,18928.0,42408.0,65550.0,,,,
2017-09-25,Sum,2764.0,38816.0,3143.0,44723.0,,,,
2017-09-26,Sum,12092.0,37880.0,0.0,49972.0,,,,
2017-09-28,Sum,9922.0,25243.0,4462.0,39627.0,,,,
2017-09-29,Sum,25008.0,57296.0,5460.0,87764.0,,,,
2017-09-30,Sum,0.0,22495.0,0.0,22495.0,,,,
2017-10-01,Sum,2787.0,12360.0,3296.0,18443.0,26.0,8606.884615384615,19724.23076923077,7877.0
2017-10-02,Sum,40577.0,50956.0,14378.0,105911.0,,,,
2017-10-03,Sum,9412.0,19909.0,6374.0,35695.0,,,,
2017-10-04,Sum,5582.0,0.0,0.0,5582.0,,,,
2017-10-05,Sum,30215.0,31399.0,29180.0,90794.0,,,,
2017-10-06,Sum,3051.0,20125.0,4182.0,27358.0,,,,
2017-10-07,Sum,5105.0,19624.0,10606.0,35335.0,,,,
2017-10-08,Sum,7171.0,11372.0,16446.0,34989.0,,,,
2017-10-09,Sum,14242.0,22965.0,0.0,37207.0,,,,
2017-10-12,Sum,1046.0,13390.0,18913.0,33349.0,,,,
2017-10-13,Sum,4257.0,12632.0,0.0,16889.0,,,,
2017-10-14,Sum,1752.0,12283.0,7286.0,21321.0,,,,
2017-10-15,Sum,10548.0,31060.0,0.0,41608.0,,,,
2017-10-16,Sum,1597.0,6892.0,7282.0,15771.0,,,,
2017-10-17,Sum,0.0,4657.0,0.0,4657.0,,,,
2017-10-19,Sum,16645.0,17401.0,3034.0,37080.0,,,,
2017-10-20,Sum,454.0,26838.0,0.0,27292.0,,,,
2017-10-21,Sum,4791.0,51767.0,9932.0,66490.0,,,,
2017-10-22,Sum,13417.0,23526.0,15139.0,52082.0,,,,
2017-10-23,Sum,2895.0,25949.0,12164.0,41008.0,,,,
2017-10-26,Sum,6664.0,14086.0,7419.0,28169.0,,,,
2017-10-27,Sum,11643.0,14600.0,14899.0,41142.0,,,,
2017-10-28,Sum,7712.0,26183.0,12992.0,46887.0,,,,
2017-10-29,Sum,0.0,899.0,0.0,899.0,,,,
2017-10-30,Sum,22216.0,27731.0,3453.0,53400.0,,,,
2017-10-31,Sum,0.0,14226.0,7827.0,22053.0,,,,
2017-11-01,Sum,2568.0,2567.0,0.0,5135.0,29.0,9882.0,27314.275862068964,10134.551724137931
2017-11-02,Sum,14973.0,79255.0,10388.0,104616.0,,,,
2017-11-03,Sum,11543.0,25289.0,27314.0,64146.0,,,,
2017-11-04,Sum,3799.0,2934.0,4484.0,11217.0,,,,
2017-11-05,Sum,0.0,11094.0,6708.0,17802.0,,,,
2017-11-06,Sum,7877.0,55542.0,5907.0,69326.0,,,,
2017-11-07,Sum,2727.0,8338.0,10435.0,21500.0,,,,
2017-11-09,Sum,13866.0,11971.0,5604.0,31441.0,,,,
2017-11-10,Sum,4685.0,38003.0,14669.0,57357.0,,,,
2017-11-11,Sum,14917.0,37676.0,0.0,52593.0,,,,
2017-11-12,Sum,9045.0,60327.0,20474.0,89846.0,,,,
2017-11-13,Sum,18431.0,37683.0,23462.0,79576.0,,,,
2017-11-14,Sum,961.0,6880.0,5805.0,13646.0,,,,
2017-11-15,Sum,8151.0,0.0,0.0,8151.0,,,,
2017-11-16,Sum,14131.0,27046.0,22603.0,63780.0,,,,
2017-11-17,Sum,3024.0,41151.0,16986.0,61161.0,,,,
2017-11-18,Sum,2930.0,56378.0,7404.0,66712.0,,,,
2017-11-19,Sum,27600.0,55120.0,1479.0,84199.0,,,,
2017-11-20,Sum,28172.0,14203.0,20246.0,62621.0,,,,
2017-11-21,Sum,4087.0,42024.0,8611.0,54722.0,,,,
2017-11-22,Sum,0.0,3723.0,0.0,3723.0,,,,
2017-11-23,Sum,8580.0,8864.0,11293.0,28737.0,,,,
2017-11-24,Sum,5962.0,47916.0,7463.0,61341.0,,,,
2017-11-25,Sum,5080.0,22228.0,6319.0,33627.0,,,,
2017-11-26,Sum,29234.0,22953.0,23531.0,75718.0,,,,
2017-11-27,Sum,5864.0,40629.0,8689.0,55182.0,,,,
2017-11-28,Sum,11342.0,10739.0,2661.0,24742.0,,,,
2017-11-29,Sum,14781.0,0.0,0.0,14781.0,,,,
2017-11-30,Sum,12248.0,21581.0,21367.0,55196.0,,,,
2017-12-01,Sum,25643.0,34821.0,7588.0,68052.0,29.0,13517.689655172413,31332.58620689655,8309.862068965518
2017-12-02,Sum,37189.0,64991.0,26887.0,129067.0,,,,
2017-12-03,Sum,35915.0,55181.0,21695.0,112791.0,,,,
2017-12-04,Sum,14014.0,33779.0,25882.0,73675.0,,,,
2017-12-05,Sum,13683.0,20649.0,2911.0,37243.0,,,,
2017-12-06,Sum,0.0,6906.0,0.0,6906.0,,,,
2017-12-07,Sum,4319.0,20642.0,12322.0,37283.0,,,,
2017-12-08,Sum,11567.0,63618.0,6541.0,81726.0,,,,
2017-12-09,Sum,12852.0,90848.0,18896.0,122596.0,,,,
2017-12-10,Sum,12888.0,24364.0,15970.0,53222.0,,,,
2017-12-11,Sum,24928.0,32582.0,26767.0,84277.0,,,,
2017-12-13,Sum,0.0,6192.0,0.0,6192.0,,,,
2017-12-14,Sum,33849.0,35713.0,31631.0,101193.0,,,,
2017-12-15,Sum,3982.0,4860.0,0.0,8842.0,,,,
2017-12-16,Sum,8893.0,22048.0,0.0,30941.0,,,,
2017-12-17,Sum,10071.0,33566.0,0.0,43637.0,,,,
2017-12-18,Sum,4275.0,24468.0,1116.0,29859.0,,,,
2017-12-19,Sum,10946.0,10504.0,0.0,21450.0,,,,
2017-12-20,Sum,0.0,24069.0,0.0,24069.0,,,,
2017-12-21,Sum,4104.0,17414.0,4533.0,26051.0,,,,
2017-12-22,Sum,21522.0,34312.0,9463.0,65297.0,,,,
2017-12-23,Sum,8518.0,61839.0,6854.0,77211.0,,,,
2017-12-24,Sum,21344.0,19939.0,8650.0,49933.0,,,,
2017-12-25,Sum,5230.0,80307.0,7349.0,92886.0,,,,
2017-12-26,Sum,0.0,10270.0,0.0,10270.0,,,,
2017-12-27,Sum,0.0,2571.0,2570.0,5141.0,,,,
2017-12-28,Sum,30000.0,35109.0,574.0,65683.0,,,,
2017-12-29,Sum,35374.0,27841.0,1879.0,65094.0,,,,
2017-12-30,Sum,907.0,9242.0,908.0,11057.0,,,,
